"book_id","author",archive_type_id,"ip_addr","user_id","timestamp"
"1","","0","0:0:0:0:0:0:0:1","0","1694156529316"
"4","","0","0:0:0:0:0:0:0:1","0","1694156542547"
"6","","0","0:0:0:0:0:0:0:1","0","1694156557389"
"2","","0","0:0:0:0:0:0:0:1","0","1694156825653"
"4","","0","0:0:0:0:0:0:0:1","0","1694157185696"
"4","","0","0:0:0:0:0:0:0:1","0","1694157206286"
"1","","0","0:0:0:0:0:0:0:1","0","1694157287843"
"1","","0","0:0:0:0:0:0:0:1","0","1694157319205"
"1","","0","0:0:0:0:0:0:0:1","0","1694157321825"
"1","","0","0:0:0:0:0:0:0:1","0","1694157326522"
"3","","0","0:0:0:0:0:0:0:1","0","1694157337295"
"3","","0","0:0:0:0:0:0:0:1","0","1694157375813"
"3","","0","0:0:0:0:0:0:0:1","0","1694157567011"
"3","","0","0:0:0:0:0:0:0:1","0","1694157585486"
"3","","0","0:0:0:0:0:0:0:1","0","1694157642377"
"3","","0","0:0:0:0:0:0:0:1","0","1694157675443"
"4","","0","0:0:0:0:0:0:0:1","0","1694157684767"
"4","","0","0:0:0:0:0:0:0:1","0","1694157690058"
"4","","0","0:0:0:0:0:0:0:1","0","1694157698472"
"4","","0","0:0:0:0:0:0:0:1","0","1694157701142"
"4","","0","0:0:0:0:0:0:0:1","0","1694157705098"
"4","","0","0:0:0:0:0:0:0:1","0","1694157707685"
"0","","2","0:0:0:0:0:0:0:1","0","1694157780313"
"0","","14","0:0:0:0:0:0:0:1","0","1694157782628"
"8","","0","0:0:0:0:0:0:0:1","0","1694157785636"
"5","","0","0:0:0:0:0:0:0:1","0","1694157811957"
"5","","0","0:0:0:0:0:0:0:1","0","1694157817407"
"4","","0","0:0:0:0:0:0:0:1","0","1694157836851"
"0","","14","192.168.1.100","0","1694158230927"
"2","","0","0:0:0:0:0:0:0:1","0","1694165841923"
"1","","0","0:0:0:0:0:0:0:1","0","1694165848758"
"4","","0","0:0:0:0:0:0:0:1","0","1694165853294"
"0","Öì½¨¾ü","0","0:0:0:0:0:0:0:1","0","1694165856093"
"7","","0","0:0:0:0:0:0:0:1","0","1694165863337"
"15","","0","0:0:0:0:0:0:0:1","0","1694165871063"
"13","","0","0:0:0:0:0:0:0:1","0","1694165881533"
"20","","0","0:0:0:0:0:0:0:1","0","1694165885369"
"3","","0","0:0:0:0:0:0:0:1","0","1694166014322"
"3","","0","0:0:0:0:0:0:0:1","0","1694166296786"
"1","","0","0:0:0:0:0:0:0:1","0","1694166357567"
"4","","0","0:0:0:0:0:0:0:1","0","1694166396914"
"7","","0","0:0:0:0:0:0:0:1","0","1694166402778"
"2","","0","0:0:0:0:0:0:0:1","0","1694166407941"
"3","","0","0:0:0:0:0:0:0:1","0","1694166411857"
"15","","0","0:0:0:0:0:0:0:1","0","1694166433861"
"14","","0","0:0:0:0:0:0:0:1","0","1694166439399"
"13","","0","0:0:0:0:0:0:0:1","0","1694166455567"
"20","","0","0:0:0:0:0:0:0:1","0","1694166461658"
"0","","13","0:0:0:0:0:0:0:1","0","1694166512395"
"15","","0","0:0:0:0:0:0:0:1","0","1694166514147"
"0","","5","0:0:0:0:0:0:0:1","0","1694166625005"
"0","³Â´º»¨","0","0:0:0:0:0:0:0:1","0","1694166629975"
"0","ÀîÉÐÁú","0","0:0:0:0:0:0:0:1","0","1694166634603"
"0","ÀîÉÐÁú","0","0:0:0:0:0:0:0:1","0","1694166646178"
"0","","2","0:0:0:0:0:0:0:1","0","1694166659551"
"0","","6","0:0:0:0:0:0:0:1","0","1694166662587"
"0","","9","0:0:0:0:0:0:0:1","0","1694166664347"
"0","","13","0:0:0:0:0:0:0:1","0","1694166667434"
"5","","0","0:0:0:0:0:0:0:1","0","1694166679336"
"3","","0","0:0:0:0:0:0:0:1","0","1694166696166"
"8","","0","0:0:0:0:0:0:0:1","0","1694175212285"
"0","¸¥À×?¿¨¶û","0","0:0:0:0:0:0:0:1","0","1694175227467"
"8","","0","0:0:0:0:0:0:0:1","0","1694175232027"
"17","","0","0:0:0:0:0:0:0:1","0","1694175244710"
"13","","0","0:0:0:0:0:0:0:1","0","1694175248552"
"2","","0","0:0:0:0:0:0:0:1","0","1694175263436"
"4","","0","0:0:0:0:0:0:0:1","0","1694175332885"
"0","","14","0:0:0:0:0:0:0:1","0","1694175343109"
"9","","0","0:0:0:0:0:0:0:1","0","1694175345881"
"0","","14","0:0:0:0:0:0:0:1","0","1694175350266"
"14","","0","0:0:0:0:0:0:0:1","0","1694175351711"
"12","","0","0:0:0:0:0:0:0:1","0","1694175356822"
"0","Öì½¨¾ü","0","0:0:0:0:0:0:0:1","0","1694175360237"
"0","Öì½¨¾ü","0","0:0:0:0:0:0:0:1","0","1694175389270"
"16","","0","0:0:0:0:0:0:0:1","0","1694175404972"
"0","","14","0:0:0:0:0:0:0:1","0","1694175416851"
"0","","13","0:0:0:0:0:0:0:1","0","1694175418189"
"1","","0","0:0:0:0:0:0:0:1","0","1694175426624"
"0","","16","0:0:0:0:0:0:0:1","0","1694176322259"
"0","","9","0:0:0:0:0:0:0:1","0","1694176336171"
"2","","0","0:0:0:0:0:0:0:1","0","1694185539133"
"2","","0","0:0:0:0:0:0:0:1","0","1694185545483"
"2","","0","0:0:0:0:0:0:0:1","0","1694190276683"
"3","","0","0:0:0:0:0:0:0:1","0","1694190285931"
"3","","0","0:0:0:0:0:0:0:1","0","1694190424463"
"3","","0","0:0:0:0:0:0:0:1","0","1694190789150"
"3","","0","0:0:0:0:0:0:0:1","0","1694190866590"
"7","","0","0:0:0:0:0:0:0:1","0","1694191177060"
"7","","0","0:0:0:0:0:0:0:1","0","1694191211664"
"4","","0","0:0:0:0:0:0:0:1","0","1694191229244"
"4","","0","0:0:0:0:0:0:0:1","0","1694191245234"
"10","","0","0:0:0:0:0:0:0:1","0","1694191266402"
"10","","0","0:0:0:0:0:0:0:1","0","1694191274240"
"4","","0","0:0:0:0:0:0:0:1","0","1694191280658"
"4","","0","0:0:0:0:0:0:0:1","0","1694191285392"
"0","²ÜêÅ","0","0:0:0:0:0:0:0:1","0","null"
"0","Öì½¨¾ü","0","0:0:0:0:0:0:0:1","0","null"
"10","","0","0:0:0:0:0:0:0:1","0","1694191300146"
"2","","0","0:0:0:0:0:0:0:1","0","1694191306049"
"18","","0","0:0:0:0:0:0:0:1","0","1694191308974"
"14","","0","0:0:0:0:0:0:0:1","0","1694191312217"
"14","","0","0:0:0:0:0:0:0:1","0","1694191331792"
"10","","0","0:0:0:0:0:0:0:1","0","1694191339063"
"2","","0","0:0:0:0:0:0:0:1","0","1694191342000"
"1","","0","0:0:0:0:0:0:0:1","0","1694191359934"
"3","","0","0:0:0:0:0:0:0:1","0","1694238145206"
"18","","0","0:0:0:0:0:0:0:1","0","1694239046632"
"0","","14","0:0:0:0:0:0:0:1","0","null"
"0","","9","0:0:0:0:0:0:0:1","0","null"
"0","","2","0:0:0:0:0:0:0:1","0","null"
"0","","3","0:0:0:0:0:0:0:1","0","null"
"2","","0","0:0:0:0:0:0:0:1","0","1694240348158"
"7","","0","0:0:0:0:0:0:0:1","0","1694240356579"
"2","","0","0:0:0:0:0:0:0:1","0","1694240412804"
"2","","0","0:0:0:0:0:0:0:1","0","1694240673722"
"2","","0","0:0:0:0:0:0:0:1","0","1694240740680"
"2","","0","0:0:0:0:0:0:0:1","0","1694240742123"
"2","","0","0:0:0:0:0:0:0:1","0","1694240924542"
"0","","2","0:0:0:0:0:0:0:1","0","null"
"0","","16","0:0:0:0:0:0:0:1","0","null"
"2","","0","0:0:0:0:0:0:0:1","0","1694244905540"
"0","","2","0:0:0:0:0:0:0:1","0","null"
"0","","16","0:0:0:0:0:0:0:1","0","null"
"0","","2","0:0:0:0:0:0:0:1","0","null"
"0","","10","0:0:0:0:0:0:0:1","0","null"
"0","","2","0:0:0:0:0:0:0:1","0","null"
"0","","16","0:0:0:0:0:0:0:1","0","null"
"0","","13","0:0:0:0:0:0:0:1","0","null"
"11","","0","0:0:0:0:0:0:0:1","0","1694245773851"
"11","","0","0:0:0:0:0:0:0:1","0","1694245871895"
"11","","0","0:0:0:0:0:0:0:1","0","1694245880601"
"11","","0","0:0:0:0:0:0:0:1","0","1694245882261"
"1","","0","0:0:0:0:0:0:0:1","0","1694324037919"
"3","","0","0:0:0:0:0:0:0:1","0","1694324040680"
"1","","0","0:0:0:0:0:0:0:1","0","1694414586698"
"1","","0","0:0:0:0:0:0:0:1","0","1694414608980"
"1","","0","0:0:0:0:0:0:0:1","0","1694414612565"
"1","","0","0:0:0:0:0:0:0:1","0","1694414613868"
"2","","0","0:0:0:0:0:0:0:1","0","1694414629699"
"4","","0","0:0:0:0:0:0:0:1","0","1694414760664"
"4","","0","0:0:0:0:0:0:0:1","0","1694414859039"
"2","","0","0:0:0:0:0:0:0:1","0","1694532050829"
"0","","9","0:0:0:0:0:0:0:1","0","null"
"0","","13","0:0:0:0:0:0:0:1","0","null"
"0","","14","0:0:0:0:0:0:0:1","0","null"
"0","","5","0:0:0:0:0:0:0:1","0","null"
"0","¸¥À×?¿¨¶û","0","0:0:0:0:0:0:0:1","0","null"
"0","","14","0:0:0:0:0:0:0:1","0","null"
"2","","0","0:0:0:0:0:0:0:1","0","1694620100997"
"4","","0","0:0:0:0:0:0:0:1","0","1694620122204"
"2","","0","0:0:0:0:0:0:0:1","0","1694620221036"
"0","","14","0:0:0:0:0:0:0:1","0","null"
"0","","13","0:0:0:0:0:0:0:1","0","null"
"0","","13","0:0:0:0:0:0:0:1","0","null"
"11","","0","0:0:0:0:0:0:0:1","0","1694659664398"
"2","","0","0:0:0:0:0:0:0:1","0","1694659779084"
"2","","0","0:0:0:0:0:0:0:1","0","1694660772389"
"2","","0","0:0:0:0:0:0:0:1","0","1694661120662"
"2","","0","0:0:0:0:0:0:0:1","0","1694666045829"
"1","","0","0:0:0:0:0:0:0:1","0","1694669309729"
"3","","0","0:0:0:0:0:0:0:1","0","1694675520321"
"3","","0","192.168.1.100","0","1694675698319"
"2","","0","0:0:0:0:0:0:0:1","0","1694677445518"
"2","","0","0:0:0:0:0:0:0:1","0","1694677460630"
"2","","0","0:0:0:0:0:0:0:1","0","1694677632316"
"2","","0","0:0:0:0:0:0:0:1","0","1694677707648"
"2","","0","0:0:0:0:0:0:0:1","0","1694677713178"
"2","","0","0:0:0:0:0:0:0:1","0","1694677716596"
"2","","0","0:0:0:0:0:0:0:1","0","1694677772776"
"3","","0","0:0:0:0:0:0:0:1","0","1694677775664"
"2","","0","0:0:0:0:0:0:0:1","0","1694682228812"
"3","","0","0:0:0:0:0:0:0:1","0","1694682411867"
"3","","0","0:0:0:0:0:0:0:1","0","1694682692166"
"3","","0","0:0:0:0:0:0:0:1","0","1694682734921"
"0","","5","0:0:0:0:0:0:0:1","0","null"
"0","","13","0:0:0:0:0:0:0:1","0","null"
"0","","14","0:0:0:0:0:0:0:1","0","null"
"0","","16","0:0:0:0:0:0:0:1","0","null"
"0","","3","0:0:0:0:0:0:0:1","0","null"
"10","","0","0:0:0:0:0:0:0:1","0","1694684923235"
"10","","0","0:0:0:0:0:0:0:1","0","1694684971710"
"2","","0","0:0:0:0:0:0:0:1","0","1694685230356"
"0","¸¥À×?¿¨¶û","0","0:0:0:0:0:0:0:1","0","null"
"0","","14","0:0:0:0:0:0:0:1","0","null"
"1","","0","0:0:0:0:0:0:0:1","0","1694686302035"
"2","","0","0:0:0:0:0:0:0:1","0","1694686771899"
"2","","0","0:0:0:0:0:0:0:1","0","1694687595199"
"3","","0","0:0:0:0:0:0:0:1","0","1694687602587"
"2","","0","0:0:0:0:0:0:0:1","0","1694692275479"
"2","","0","0:0:0:0:0:0:0:1","0","1694692455013"
"0","","16","0:0:0:0:0:0:0:1","0","null"
"0","","13","0:0:0:0:0:0:0:1","0","null"
"0","","14","0:0:0:0:0:0:0:1","0","null"
"1","","0","0:0:0:0:0:0:0:1","0","1694692863614"
"0","","13","0:0:0:0:0:0:0:1","0","null"
"0","","16","0:0:0:0:0:0:0:1","0","null"
"0","","3","0:0:0:0:0:0:0:1","0","null"
"1","","0","0:0:0:0:0:0:0:1","0","1694697237265"
"0","","14","0:0:0:0:0:0:0:1","0","null"
"0","","14","0:0:0:0:0:0:0:1","0","null"
"0","","14","0:0:0:0:0:0:0:1","0","null"
"0","²ÜêÅ","0","0:0:0:0:0:0:0:1","0","null"
"0","","14","0:0:0:0:0:0:0:1","0","null"
"0","","14","0:0:0:0:0:0:0:1","0","null"
"4","","0","0:0:0:0:0:0:0:1","0","1694772661785"
"4","","0","0:0:0:0:0:0:0:1","0","1694772682169"
"4","","0","0:0:0:0:0:0:0:1","0","1694772841886"
"4","","0","0:0:0:0:0:0:0:1","0","1694772882145"
"4","","0","0:0:0:0:0:0:0:1","0","1694772887385"
"8","","0","0:0:0:0:0:0:0:1","0","1694780991268"
"8","","0","0:0:0:0:0:0:0:1","0","1694781007203"
"8","","0","0:0:0:0:0:0:0:1","0","1694781029836"
"6","","0","0:0:0:0:0:0:0:1","0","1694786314115"
"6","","0","0:0:0:0:0:0:0:1","0","1694786492680"
"6","","0","0:0:0:0:0:0:0:1","0","1694787836135"
"6","","0","0:0:0:0:0:0:0:1","0","1694787892969"
"6","","0","0:0:0:0:0:0:0:1","0","1694787969799"
"6","","0","0:0:0:0:0:0:0:1","0","1694788011449"
"6","","0","0:0:0:0:0:0:0:1","0","1694788053551"
"6","","0","0:0:0:0:0:0:0:1","0","1694788220185"
"6","","0","0:0:0:0:0:0:0:1","0","1694788256219"
"6","","0","0:0:0:0:0:0:0:1","0","1694788408937"
"6","","0","0:0:0:0:0:0:0:1","0","1694788435338"
"6","","0","0:0:0:0:0:0:0:1","0","1694788465753"
"6","","0","0:0:0:0:0:0:0:1","0","1694788474416"
"6","","0","0:0:0:0:0:0:0:1","0","1694788541540"
"6","","0","0:0:0:0:0:0:0:1","0","1694788630313"
"6","","0","0:0:0:0:0:0:0:1","0","1694788986509"
"6","","0","0:0:0:0:0:0:0:1","0","1694789246967"
"6","","0","0:0:0:0:0:0:0:1","0","1694789354524"
"6","","0","0:0:0:0:0:0:0:1","0","1694790779622"
"6","","0","0:0:0:0:0:0:0:1","0","1694790810160"
"6","","0","0:0:0:0:0:0:0:1","0","1694790881307"
"6","","0","0:0:0:0:0:0:0:1","0","1694790921480"
"6","","0","0:0:0:0:0:0:0:1","0","1694790997810"
"6","","0","0:0:0:0:0:0:0:1","0","1694791064005"
"6","","0","0:0:0:0:0:0:0:1","0","1694791309139"
"6","","0","0:0:0:0:0:0:0:1","0","1694791389702"
"6","","0","0:0:0:0:0:0:0:1","0","1694791435049"
"6","","0","0:0:0:0:0:0:0:1","0","1694791481915"
"6","","0","0:0:0:0:0:0:0:1","0","1694791508103"
"6","","0","0:0:0:0:0:0:0:1","0","1694791598405"
"0","","16","0:0:0:0:0:0:0:1","0","null"
"0","","13","0:0:0:0:0:0:0:1","0","null"
"0","","14","0:0:0:0:0:0:0:1","0","null"
"0","","14","0:0:0:0:0:0:0:1","0","null"
"0","","14","0:0:0:0:0:0:0:1","0","null"
"0","","13","0:0:0:0:0:0:0:1","0","null"
"0","","13","0:0:0:0:0:0:0:1","0","null"
"0","","13","0:0:0:0:0:0:0:1","0","null"
"0","","14","0:0:0:0:0:0:0:1","0","null"
"0","","14","0:0:0:0:0:0:0:1","0","null"
"0","","16","0:0:0:0:0:0:0:1","0","null"
"0","","6","0:0:0:0:0:0:0:1","0","null"
"0","","13","0:0:0:0:0:0:0:1","0","null"
"0","","14","0:0:0:0:0:0:0:1","0","null"
"0","","14","0:0:0:0:0:0:0:1","0","null"
"0","","13","0:0:0:0:0:0:0:1","0","null"
"0","","16","0:0:0:0:0:0:0:1","0","null"
"0","","13","0:0:0:0:0:0:0:1","0","null"
"0","","16","0:0:0:0:0:0:0:1","0","null"
"0","","13","0:0:0:0:0:0:0:1","0","null"
"0","","14","0:0:0:0:0:0:0:1","0","null"
